{
	"dewarpConfigArray" :[
		{
			"source_image":{
				"width"  : 1280,
				"height" : 720
			},

			"?dewarpType": "FISHEYE_DEWARP, LENS_CORRECTION, FISHEYE_EXPAND, SPLIT_SCREEN",
			"dewarpType": "FISHEYE_DEWARP",

			"scale": {
				"roix"   : 0,
				"roiy"   : 0,
				"factor" : 1.0
			},

			"split": {
				"horizon_line"      : 360,
				"vertical_line_up"  : 640,
				"vertical_line_down": 640
			},

			"bypass" : false,
			"hflip"  : false,
			"vflip"  : false,

			"camera_matrix"   : [8.3122411468415589e+002,0.0, 6.2064765098504449e+002, 0.0,8.3190862508994076e+002,3.5995657609038881e+002,0.0,0.0,1.0],
			"distortion_coeff": [-2.9452986435639442e-002,1.4048317151238424e-001,-3.5848319534832496e-001,3.0506518218367362e-001,0.0,0.0,0.0,0.0],
			"perspective"     : [1.0, 0, 0, 0, 1, 0, 0, 0, 1]

		}
	]

}
