{
	"dewarpConfigArray" :[
		{
			"source_image":{
				"width"  : 1920,
				"height" : 1080
			},

			"?dewarpType": "FISHEYE_DEWARP, LENS_CORRECTION, FISHEYE_EXPAND, SPLIT_SCREEN",
			"dewarpType": "LENS_CORRECTION",

			"scale": {
				"roix"   : 0,
				"roiy"   : 0,
				"factor" : 1.0
			},

			"split": {
				"horizon_line"      : 540,
				"vertical_line_up"  : 960,
				"vertical_line_down": 960
			},

			"bypass" : false,
			"hflip"  : false,
			"vflip"  : false,

			"camera_matrix"   : [3.9826349986530645e+003,0.0, 9.2987412583588105e+002, 0.0,3.9826349986530645e+003,5.5282518495329725e+002,0.0,0.0,1.0],
			"distortion_coeff": [-4.6992353005773679e-001,5.1580350926216309e-002,2.3912059300050937e-004,3.7070921608580521e-003,-2.2973359328804412e+000,0.0,0.0,0.0],
			"perspective"     : [1.0, 0, 0, 0, 1, 0, 0, 0, 1]

		}
	]

}
