{
	"dewarpConfigArray" :[
		{
			"source_image":{
				"width"  : 1920,
				"height" : 1080
			},

			"?dewarpType": "FISHEYE_DEWARP, LENS_CORRECTION, FISHEYE_EXPAND, SPLIT_SCREEN",
			"dewarpType": "LENS_CORRECTION",

			"scale": {
				"roix"   : 0,
				"roiy"   : 0,
				"factor" : 1.0
			},

			"split": {
				"horizon_line"      : 540,
				"vertical_line_up"  : 960,
				"vertical_line_down": 960
			},

			"bypass" : false,
			"hflip"  : false,
			"vflip"  : false,

			"camera_matrix"   : [5.6541783200568461e+003,0.0,9.5950000000000000e+002, 0.0,5.6541783200568461e+003,5.3950000000000000e+002,0.0,0.0,1.0],
			"distortion_coeff": [-1.3467877808414813e-001,3.1874878977683228e+000,3.6749388278639597e-003,-2.7423399100551583e-003,-8.3223619922244225e+001,0.0,0.0,0.0],
			"perspective"     : [1.0, 0, 0, 0, 1, 0, 0, 0, 1]

		}
	]

}
