{
	"dewarpConfigArray" :[
		{
			"source_image":{
				"width"  : 1920,
				"height" : 1200
			},

			"?dewarpType": "FISHEYE_DEWARP, LENS_CORRECTION, FISHEYE_EXPAND, SPLIT_SCREEN",
			"dewarpType": "LENS_CORRECTION",

			"scale": {
				"roix"   : 0,
				"roiy"   : 0,
				"factor" : 1.0
			},

			"split": {
				"horizon_line"      : 600,
				"vertical_line_up"  : 960,
				"vertical_line_down": 960
			},

			"bypass" : false,
			"hflip"  : false,
			"vflip"  : false,

			"camera_matrix"   : [4.1140226841761951e+003,0.0, 9.3431536078109491e+002, 0.0,4.1140226841761951e+003,5.6179137325576301e+002,0.0,0.0,1.0],
			"distortion_coeff": [-4.2048748156880222e-001,-2.5766750702044066e+000,6.5645491284310820e-003,2.1096010437825934e-003,2.3822931575106033e+001,0.0,0.0,0.0],
			"perspective"     : [1.0, 0, 0, 0, 1, 0, 0, 0, 1]

		}
	]

}
